a,b,b_se,t_stat
53.15813953488374,-0.020558484401319986,0.003820917576467377,-5.3805097832880495
