a,time_c_b,month_1_b,month_2_b,month_3_b,month_4_b,month_5_b,month_6_b,month_7_b,month_8_b,month_9_b,month_10_b,month_11_b
53.40000000000001,-0.018690052993870457,-0.414130434782609,1.5786231884057973,0.8137681159420289,1.0091304347826084,1.3470289855072464,0.609057971014492,0.9519021739130432,0.4584842995169082,0.542222222222222,-0.02316205533596858,0.5705533596837948
